Poincare.Global.Laplacian	def	Poincare.ClosedSmoothRiemannianMetric.scalarGradNormSqAt	noncomputable def scalarGradNormSqAt (g : ClosedSmoothRiemannianMetric n M)
Poincare.Global.MetricEntryThirdJetFormalRicci	def	Poincare.formalProfileCovRicciCoordinatesAt	noncomputable def formalProfileCovRicciCoordinatesAt
Poincare.Global.MetricEntryThirdJetFormalRicci	def	Poincare.formalProfileCovRicciNormSqAt	noncomputable def formalProfileCovRicciNormSqAt
Poincare.Global.MetricEntryThirdJetFormalRicci	theorem	Poincare.formalProfileCovRicciCoordinatesAt_profile	@[simp] theorem formalProfileCovRicciCoordinatesAt_profile
Poincare.Global.MetricEntryThirdJetFormalRicci	theorem	Poincare.formalProfileCovRicciNormSqAt_profile	@[simp] theorem formalProfileCovRicciNormSqAt_profile
Poincare.Global.MetricEntryThirdJetFormalRicci	theorem	Poincare.continuousAt_formalProfileCovRicciCoordinatesAt	theorem continuousAt_formalProfileCovRicciCoordinatesAt
Poincare.Global.MetricEntryThirdJetFormalRicci	theorem	Poincare.continuousAt_formalProfileCovRicciNormSqAt	theorem continuousAt_formalProfileCovRicciNormSqAt
Poincare.Global.MetricEntryThirdJetFormalRicci	theorem	Poincare.continuousOn_formalProfileCovRicciNormSqAt_of_invertible	theorem continuousOn_formalProfileCovRicciNormSqAt_of_invertible
Poincare.Global.MetricEntryThirdJetFormalRicci	theorem	Poincare.isCompact_formalProfileCovRicciNormSqAt_image	theorem isCompact_formalProfileCovRicciNormSqAt_image
Poincare.Global.MetricEntryThirdJetFormalRicci	theorem	Poincare.exists_uniformFormalProfileCovRicciNormSqBound	theorem exists_uniformFormalProfileCovRicciNormSqBound
Poincare.Global.MetricEntryThirdJetFormalRicci	theorem	Poincare.exists_uniformAnchorChartCovRicciNormSqFamilyBound_of_compact_profileClosure	theorem exists_uniformAnchorChartCovRicciNormSqFamilyBound_of_compact_profileClosure
Poincare.Global.MetricFamilyCovRicciEntryContinuity	def	anchorChartChristoffelFieldOperatorFamily	noncomputable def anchorChartChristoffelFieldOperatorFamily
Poincare.Global.MetricFamilyCovRicciEntryContinuity	def	anchorChartChristoffelFieldSpatialFDerivFamily	noncomputable def anchorChartChristoffelFieldSpatialFDerivFamily
Poincare.Global.MetricFamilyCovRicciEntryContinuity	def	anchorChartChristoffelFieldSecondSpatialFDerivFamily	noncomputable def anchorChartChristoffelFieldSecondSpatialFDerivFamily
Poincare.Global.MetricFamilyCovRicciEntryContinuity	def	anchorChartCurvatureFamily	noncomputable def anchorChartCurvatureFamily
Poincare.Global.MetricFamilyCovRicciEntryContinuity	def	anchorChartChristoffelFieldFamily	noncomputable def anchorChartChristoffelFieldFamily
Poincare.Global.MetricFamilyCovRicciEntryContinuity	theorem	anchorChartChristoffelFieldFamily_continuousAt_of_blendedMetric	theorem anchorChartChristoffelFieldFamily_continuousAt_of_blendedMetric
Poincare.Global.MetricFamilyCovRicciEntryContinuity	def	anchorChartRicciEntryFamily	noncomputable def anchorChartRicciEntryFamily
Poincare.Global.MetricFamilyCovRicciEntryContinuity	def	anchorChartRicciEntrySpatialFDerivFamily	noncomputable def anchorChartRicciEntrySpatialFDerivFamily
Poincare.Global.MetricFamilyCovRicciEntryContinuity	def	christoffelSecondFormula	noncomputable def christoffelSecondFormula
Poincare.Global.MetricFamilyCovRicciEntryContinuity	theorem	anchorBlendedMetricFamily_contDiff_four	theorem anchorBlendedMetricFamily_contDiff_four
Poincare.Global.MetricFamilyCovRicciEntryContinuity	theorem	anchorChartChristoffelFieldOperatorFamily_continuousAt_of_blendedMetric	theorem anchorChartChristoffelFieldOperatorFamily_continuousAt_of_blendedMetric
Poincare.Global.MetricFamilyCovRicciEntryContinuity	theorem	metricFamilyRicciJetChartContinuousAt_of_blendedMetric_and_christoffelSecondJet	theorem metricFamilyRicciJetChartContinuousAt_of_blendedMetric_and_christoffelSecondJet
Poincare.Global.MetricFamilyCovRicciNormContinuity	def	Poincare.anchorChartInverseMetricCoeffFamily	noncomputable def anchorChartInverseMetricCoeffFamily
Poincare.Global.MetricFamilyCovRicciNormContinuity	def	Poincare.anchorBlendedMetricFamily	noncomputable def anchorBlendedMetricFamily
Poincare.Global.MetricFamilyCovRicciNormContinuity	theorem	Poincare.anchorBlendedMetricFamily_isInvertible	theorem anchorBlendedMetricFamily_isInvertible
Poincare.Global.MetricFamilyCovRicciNormContinuity	theorem	Poincare.anchorChartInverseMetricCoeffFamily_continuousAt_of_blendedMetric	theorem anchorChartInverseMetricCoeffFamily_continuousAt_of_blendedMetric
Poincare.Global.MetricFamilyCovRicciNormContinuity	def	Poincare.anchorChartCovRicciEntryFamily	noncomputable def anchorChartCovRicciEntryFamily
Poincare.Global.MetricFamilyCovRicciNormContinuity	def	Poincare.anchorChartCovRicciNormSqFamily	noncomputable def anchorChartCovRicciNormSqFamily
Poincare.Global.MetricFamilyEntryThirdJetCovRicciContinuity	structure	Poincare.MetricFamilyBlendedMetricEntryThirdJetContinuousAt	structure MetricFamilyBlendedMetricEntryThirdJetContinuousAt
Poincare.Global.MetricFamilyEntryThirdJetCovRicciContinuity	theorem	Poincare.MetricFamilyBlendedMetricEntryThirdJetContinuousAt.toBlendedMetricThirdJetContinuousAt	theorem MetricFamilyBlendedMetricEntryThirdJetContinuousAt.toBlendedMetricThirdJetContinuousAt
Poincare.Global.MetricFamilyEntryThirdJetCovRicciContinuity	theorem	Poincare.metricFamilyBlendedMetricEntryThirdJetContinuousAt_of_metricEntriesJointContDiffAt_three	theorem metricFamilyBlendedMetricEntryThirdJetContinuousAt_of_metricEntriesJointContDiffAt_three
Poincare.Global.MetricFamilyEntryThirdJetCovRicciContinuity	theorem	Poincare.metricFamilyBlendedMetricEntryThirdJets_of_metricEntriesJointContDiffAt_three	theorem metricFamilyBlendedMetricEntryThirdJets_of_metricEntriesJointContDiffAt_three
Poincare.Global.MetricFamilyThirdJetCovRicciContinuity	structure	Poincare.MetricFamilyBlendedMetricThirdJetContinuousAt	structure MetricFamilyBlendedMetricThirdJetContinuousAt
Poincare.Global.MetricFamilyThirdJetCovRicciContinuity	theorem	Poincare.MetricFamilyBlendedMetricThirdJetContinuousAt.toRicciJetChartContinuousAt	theorem MetricFamilyBlendedMetricThirdJetContinuousAt.toRicciJetChartContinuousAt
Poincare.Global.MetricFamilyThirdJetCovRicciContinuity	theorem	Poincare.MetricFamilyBlendedMetricThirdJetContinuousAt.toCovRicciChartContinuousAt	theorem MetricFamilyBlendedMetricThirdJetContinuousAt.toCovRicciChartContinuousAt
Poincare.Global.MetricFlowJointCovRicciEntryRegularity	def	Poincare.anchorChartCovRicciEntryFlow	noncomputable def anchorChartCovRicciEntryFlow
Poincare.Global.MetricFlowJointCovRicciNormContinuity	def	Poincare.anchorChartCovRicciNormSqFlow	noncomputable def anchorChartCovRicciNormSqFlow
Poincare.Global.MetricFlowJointPinchingEvolution	theorem	Poincare.covRicciRicciPairingAt_mdifferentiableAt_of_ricciNormSqAt_contMDiffAt_two	theorem covRicciRicciPairingAt_mdifferentiableAt_of_ricciNormSqAt_contMDiffAt_two
Poincare.Global.NormalizedFlowCompactFixedTargetReactionDecayHausdorffJointCovRicciPositiveEinstein	theorem	Poincare.exists_pos_uniform_covRicciNormSqAt_bound_of_compact_joint	theorem exists_pos_uniform_covRicciNormSqAt_bound_of_compact_joint
Poincare.Global.NormalizedFlowCompactFixedTargetReactionDecayHausdorffJointCovRicciPositiveEinstein	theorem	Poincare.exists_uniformCovariantRicciDerivativeNormBound_on_compact_slab_of_metricEntriesJointContDiffAt_three	theorem exists_uniformCovariantRicciDerivativeNormBound_on_compact_slab_of_metricEntriesJointContDiffAt_three
Poincare.Global.NormalizedFlowCompactFixedTargetReactionDecayHausdorffJointCovRicciPositiveEinstein	def	Poincare.NormalizedFlowSphereCompactMeanEnergyMeasureReactionDecayHausdorffJointCovRicciPositiveEinsteinAnalyticData3.toHausdorffPositiveEinsteinAnalyticData3	noncomputable def toHausdorffPositiveEinsteinAnalyticData3
Poincare.Global.NormalizedFlowCompactFixedTargetReactionDecayHausdorffJointCovRicciPositiveEinstein	theorem	Poincare.NormalizedFlowSphereCompactMeanEnergyMeasureReactionDecayHausdorffJointCovRicciPositiveEinsteinAnalyticData3.finiteTracelessRicciEnergy	theorem finiteTracelessRicciEnergy
Poincare.Global.NormalizedFlowCompactFixedTargetReactionDecayHausdorffJointCovRicciSubordinatePartitionPositiveEinstein	def	Poincare.NormalizedFlowSphereCompactMeanEnergyMeasureReactionDecayHausdorffJointCovRicciSubordinatePartitionPositiveEinsteinAnalyticData3.toJointCovRicciPositiveEinsteinAnalyticData3	noncomputable def toJointCovRicciPositiveEinsteinAnalyticData3
Poincare.Global.NormalizedFlowCompactFixedTargetReactionDecayHausdorffJointCovRicciSubordinatePartitionPositiveEinstein	theorem	Poincare.NormalizedFlowSphereCompactMeanEnergyMeasureReactionDecayHausdorffJointCovRicciSubordinatePartitionPositiveEinsteinAnalyticData3.finiteTracelessRicciEnergy	theorem finiteTracelessRicciEnergy
Poincare.Global.NormalizedFlowCompactFixedTargetReactionDecayHausdorffJointScalarDerivativeCovRicciSubordinatePartitionPositiveEinstein	def	Poincare.NormalizedFlowSphereCompactMeanEnergyMeasureReactionDecayHausdorffJointScalarDerivativeCovRicciSubordinatePartitionPositiveEinsteinAnalyticData3.ofReactionFields	noncomputable def ofReactionFields
Poincare.Global.NormalizedFlowCompactFixedTargetReactionDecayHausdorffJointScalarDerivativeCovRicciSubordinatePartitionPositiveEinstein	def	Poincare.NormalizedFlowSphereCompactMeanEnergyMeasureReactionDecayHausdorffJointScalarDerivativeCovRicciSubordinatePartitionPositiveEinsteinAnalyticData3.ofCovRicciChartContinuous	noncomputable def ofCovRicciChartContinuous
Poincare.Global.NormalizedFlowCompactFixedTargetReactionDecayHausdorffJointScalarDerivativeCovRicciSubordinatePartitionPositiveEinstein	def	Poincare.NormalizedFlowSphereCompactMeanEnergyMeasureReactionDecayHausdorffJointScalarDerivativeCovRicciSubordinatePartitionPositiveEinsteinAnalyticData3.ofMetricFamilyThirdJets	noncomputable def ofMetricFamilyThirdJets
Poincare.Global.NormalizedFlowCompactFixedTargetReactionDecayHausdorffJointScalarDerivativeCovRicciSubordinatePartitionPositiveEinstein	def	Poincare.NormalizedFlowSphereCompactMeanEnergyMeasureReactionDecayHausdorffJointScalarDerivativeCovRicciSubordinatePartitionPositiveEinsteinAnalyticData3.ofMetricFamilyEntryThirdJets	noncomputable def ofMetricFamilyEntryThirdJets
Poincare.Global.NormalizedFlowCompactFixedTargetReactionDecayHausdorffJointScalarDerivativeCovRicciSubordinatePartitionPositiveEinstein	def	Poincare.NormalizedFlowSphereCompactMeanEnergyMeasureReactionDecayHausdorffJointScalarDerivativeCovRicciSubordinatePartitionPositiveEinsteinAnalyticData3.ofQuotientRealization	noncomputable def ofQuotientRealization
Poincare.Global.NormalizedFlowCompactFixedTargetReactionDecayHausdorffJointScalarDerivativeCovRicciSubordinatePartitionPositiveEinstein	def	Poincare.NormalizedFlowSphereCompactMeanEnergyMeasureReactionDecayHausdorffJointScalarDerivativeCovRicciSubordinatePartitionPositiveEinsteinAnalyticData3.toReactionDecayPositiveEinsteinAnalyticData3	noncomputable def toReactionDecayPositiveEinsteinAnalyticData3
Poincare.Global.NormalizedFlowCompactFixedTargetReactionDecayHausdorffJointScalarDerivativeCovRicciSubordinatePartitionPositiveEinstein	theorem	Poincare.NormalizedFlowSphereCompactMeanEnergyMeasureReactionDecayHausdorffJointScalarDerivativeCovRicciSubordinatePartitionPositiveEinsteinAnalyticData3.finiteTracelessRicciEnergy	theorem finiteTracelessRicciEnergy
Poincare.Global.NormalizedFlowCompactFixedTargetReactionDecayHausdorffJointScalarDerivativeCovRicciSubordinatePartitionPositiveEinstein	def	Poincare.NormalizedFlowSphereCompactMeanEnergyMeasureReactionDecayPositiveEinsteinAnalyticData3.ofJointScalarDerivativeSubordinatePartitionOfUniformCovRicciBound	noncomputable def ofJointScalarDerivativeSubordinatePartitionOfUniformCovRicciBound
Poincare.Global.NormalizedFlowCompactFixedTargetReactionDecayHausdorffJointScalarDerivativeCovRicciSubordinatePartitionPositiveEinstein	def	Poincare.NormalizedFlowSphereCompactMeanEnergyMeasureReactionDecayPositiveEinsteinAnalyticData3.ofCompactClosedMetricThirdJetOrbitClosure	noncomputable def ofCompactClosedMetricThirdJetOrbitClosure
Poincare.Global.NormalizedFlowCompactFixedTargetReactionDecayHausdorffJointScalarDerivativeCovRicciSubordinatePartitionPositiveEinstein	def	Poincare.NormalizedFlowSphereCompactMeanEnergyMeasureReactionDecayPositiveEinsteinAnalyticData3.ofComponentwiseAscoliMetricThirdJetProfiles	noncomputable def ofComponentwiseAscoliMetricThirdJetProfiles
Poincare.Global.NormalizedFlowCompactFixedTargetReactionDecayHausdorffJointScalarDerivativeCovRicciSubordinatePartitionPositiveEinstein	def	Poincare.NormalizedFlowSphereCompactMeanEnergyMeasureReactionDecayPositiveEinsteinAnalyticData3.ofComponentwiseBoundedAscoliMetricThirdJetProfiles	noncomputable def ofComponentwiseBoundedAscoliMetricThirdJetProfiles
Poincare.Global.NormalizedFlowCompactFixedTargetReactionDecayHausdorffJointScalarDerivativeCovRicciSubordinatePartitionPositiveEinstein	def	Poincare.NormalizedFlowSphereCompactMeanEnergyMeasureReactionDecayPositiveEinsteinAnalyticData3.ofContinuousCompactMetricThirdJetRealization	noncomputable def ofContinuousCompactMetricThirdJetRealization
Poincare.Global.NormalizedFlowCompactFixedTargetReactionDecayHausdorffJointScalarDerivativeCovRicciSubordinatePartitionPositiveEinstein	def	Poincare.NormalizedFlowSphereCompactMeanEnergyMeasureReactionDecayPositiveEinsteinAnalyticData3.ofMetricFamilyEntryThirdJetProfileJointContinuous	noncomputable def ofMetricFamilyEntryThirdJetProfileJointContinuous
Poincare.Global.NormalizedFlowEnergyConcentrationCurvatureDerivative	def	Poincare.tracelessCovRicciRicciPairingAt	noncomputable def tracelessCovRicciRicciPairingAt
Poincare.Global.NormalizedFlowEnergyConcentrationCurvatureDerivative	def	Poincare.tracelessCovRicciNormSqAt	noncomputable def tracelessCovRicciNormSqAt
Poincare.Global.NormalizedFlowEnergyConcentrationCurvatureDerivative	theorem	Poincare.extDerivFun_tracelessRicciNormSqAt_eq_two_tracelessCovRicciRicciPairingAt	theorem extDerivFun_tracelessRicciNormSqAt_eq_two_tracelessCovRicciRicciPairingAt
Poincare.Global.NormalizedFlowEnergyConcentrationCurvatureDerivative	theorem	tracelessCovRicciNormSqAt_nonneg	theorem tracelessCovRicciNormSqAt_nonneg
Poincare.Global.NormalizedFlowFiniteTimePositiveEinsteinMeanScalarGradient	theorem	Poincare.exists_pos_uniform_abs_scalarAt_bound_of_compact_joint_scalar	theorem exists_pos_uniform_abs_scalarAt_bound_of_compact_joint_scalar
Poincare.Global.NormalizedFlowFiniteTimePositiveEinsteinMeanScalarGradient	theorem	Poincare.exists_pos_uniform_centeredScalar_bound_of_compact_joint_scalar	theorem exists_pos_uniform_centeredScalar_bound_of_compact_joint_scalar
Poincare.Global.NormalizedFlowFiniteTimePositiveEinsteinMeanScalarGradient	theorem	Poincare.exists_pos_uniform_tracelessRicciNormSqAt_bound_of_compact_joint	theorem exists_pos_uniform_tracelessRicciNormSqAt_bound_of_compact_joint
Poincare.Global.NormalizedFlowFiniteTimePositiveEinsteinMeanScalarGradient	theorem	Poincare.positiveEinsteinMetric3_of_finiteAbsoluteDissipation_of_centeredScalarBound_of_scalarGradientBound_of_covariantDerivativeBound_of_meanLower_of_compactTensorReferenceFamily	theorem positiveEinsteinMetric3_of_finiteAbsoluteDissipation_of_centeredScalarBound_of_scalarGradientBound_of_covariantDerivativeBound_of_meanLower_of_compactTe
Poincare.Global.NormalizedFlowFiniteTimePositiveEinsteinMeanScalarGradient	theorem	Poincare.positiveEinsteinMetric3_of_finiteAbsoluteDissipation_of_compactJointScalar_of_scalarGradientBound_of_covariantDerivativeBound_of_meanLower_of_compactTensorReferenceFamily	theorem positiveEinsteinMetric3_of_finiteAbsoluteDissipation_of_compactJointScalar_of_scalarGradientBound_of_covariantDerivativeBound_of_meanLower_of_compactTen
Poincare.Global.NormalizedFlowFiniteTimePositiveEinsteinMeanScalarGradient	theorem	Poincare.positiveEinsteinMetric3_of_finiteAbsoluteDissipation_of_compactJointScalar_of_scalarGradientBound_of_covariantDerivativeBound_of_meanLower_of_compactTensorReferenceFamily_of_joint_scalar_pinching	theorem positiveEinsteinMetric3_of_finiteAbsoluteDissipation_of_compactJointScalar_of_scalarGradientBound_of_covariantDerivativeBound_of_meanLower_of_compactTen
Poincare.Global.NormalizedFlowFiniteTimePositiveEinsteinMeanScalarGradient	theorem	Poincare.positiveEinsteinMetric3_of_finiteAbsoluteDissipation_of_fullCovariantRicciDerivativeBound_of_meanLower_of_compactTensorReferenceFamily_of_joint_scalar_pinching	theorem positiveEinsteinMetric3_of_finiteAbsoluteDissipation_of_fullCovariantRicciDerivativeBound_of_meanLower_of_compactTensorReferenceFamily_of_joint_scalar_p
Poincare.Global.NormalizedFlowFiniteTimePositiveEinsteinMeanScalarGradient	theorem	Poincare.positiveEinsteinMetric3_of_finiteAbsoluteDissipation_of_fullCovariantRicciDerivativeBound_of_meanLower_of_compactTensorReferenceFamily_of_joint_scalar_tracelessRicci_of_jointMetricEntriesThree	theorem positiveEinsteinMetric3_of_finiteAbsoluteDissipation_of_fullCovariantRicciDerivativeBound_of_meanLower_of_compactTensorReferenceFamily_of_joint_scalar_t
Poincare.Global.NormalizedFlowFiniteTimePositiveEinsteinMeanScalarGradient	theorem	Poincare.positiveEinsteinMetric3_of_finiteAbsoluteDissipation_of_fullCovariantRicciDerivativeBound_of_meanLower_of_compactTensorReferenceFamily_of_joint_scalar_pinching_of_jointMetricEntriesThree	theorem positiveEinsteinMetric3_of_finiteAbsoluteDissipation_of_fullCovariantRicciDerivativeBound_of_meanLower_of_compactTensorReferenceFamily_of_joint_scalar_p
Poincare.Global.NormalizedFlowFiniteTimePositiveEinsteinMeanScalarGradientSphere	theorem	Poincare.exists_unitConstantCurvature_of_finiteAbsoluteDissipation_of_fullCovariantRicciDerivativeBound_of_meanLower_of_compactTensorReferenceFamily_of_joint_scalar_tracelessRicci_of_jointMetricEntriesThree	theorem exists_unitConstantCurvature_of_finiteAbsoluteDissipation_of_fullCovariantRicciDerivativeBound_of_meanLower_of_compactTensorReferenceFamily_of_joint_sca
Poincare.Global.NormalizedFlowFiniteTimePositiveEinsteinMeanScalarGradientSphere	theorem	Poincare.sphereConclusion_of_finiteAbsoluteDissipation_of_fullCovariantRicciDerivativeBound_of_meanLower_of_compactTensorReferenceFamily_of_joint_scalar_tracelessRicci_of_jointMetricEntriesThree	theorem sphereConclusion_of_finiteAbsoluteDissipation_of_fullCovariantRicciDerivativeBound_of_meanLower_of_compactTensorReferenceFamily_of_joint_scalar_traceles
Poincare.Global.NormalizedFlowForwardFiniteTimePositiveEinsteinMeanScalarGradient	theorem	Poincare.contMDiffAt_two_tracelessRicciNormSqAt_of_normalizedRicciFlow_joint_metric_entries_three_Ici	theorem contMDiffAt_two_tracelessRicciNormSqAt_of_normalizedRicciFlow_joint_metric_entries_three_Ici
Poincare.Global.NormalizedFlowForwardFiniteTimePositiveEinsteinMeanScalarGradient	theorem	Poincare.uniformTracelessRicciEnergyCOne_of_normalizedRicciFlow_joint_metric_entries_three_Ici	theorem uniformTracelessRicciEnergyCOne_of_normalizedRicciFlow_joint_metric_entries_three_Ici
Poincare.Global.NormalizedFlowForwardFiniteTimePositiveEinsteinMeanScalarGradient	theorem	Poincare.positiveEinsteinMetric3_of_finiteAbsoluteDissipation_Ici_of_fullCovariantRicciDerivativeBound_of_meanLower_of_compactTensorReferenceFamily_of_joint_scalar_tracelessRicci_of_jointMetricEntriesThree	theorem positiveEinsteinMetric3_of_finiteAbsoluteDissipation_Ici_of_fullCovariantRicciDerivativeBound_of_meanLower_of_compactTensorReferenceFamily_of_joint_scal
Poincare.Global.NormalizedFlowForwardFiniteTimePositiveEinsteinMeanScalarGradient	theorem	Poincare.positiveEinsteinMetric3_of_differentialAbsoluteDissipationDecay_Ici_of_fullCovariantRicciDerivativeBound_of_meanLower_of_compactTensorReferenceFamily_of_joint_scalar_tracelessRicci_of_jointMetricEntriesThree	theorem positiveEinsteinMetric3_of_differentialAbsoluteDissipationDecay_Ici_of_fullCovariantRicciDerivativeBound_of_meanLower_of_compactTensorReferenceFamily_of
Poincare.Global.NormalizedFlowForwardFiniteTimePositiveEinsteinMeanScalarGradient	theorem	Poincare.exists_unitConstantCurvature_of_finiteAbsoluteDissipation_Ici_of_fullCovariantRicciDerivativeBound_of_meanLower_of_compactTensorReferenceFamily_of_joint_scalar_tracelessRicci_of_jointMetricEntriesThree	theorem exists_unitConstantCurvature_of_finiteAbsoluteDissipation_Ici_of_fullCovariantRicciDerivativeBound_of_meanLower_of_compactTensorReferenceFamily_of_joint
Poincare.Global.NormalizedFlowForwardFiniteTimePositiveEinsteinMeanScalarGradient	theorem	Poincare.sphereConclusion_of_finiteAbsoluteDissipation_Ici_of_fullCovariantRicciDerivativeBound_of_meanLower_of_compactTensorReferenceFamily_of_joint_scalar_tracelessRicci_of_jointMetricEntriesThree	theorem sphereConclusion_of_finiteAbsoluteDissipation_Ici_of_fullCovariantRicciDerivativeBound_of_meanLower_of_compactTensorReferenceFamily_of_joint_scalar_trac
Poincare.Global.NormalizedFlowForwardFiniteTimePositiveEinsteinMeanScalarGradient	theorem	exists_unitConstantCurvature_of_differentialAbsoluteDissipationDecay_Ici_of_fullCovariantRicciDerivativeBound_of_meanLower_of_compactTensorReferenceFamily_of_joint_scalar_tracelessRicci_of_jointMetricEntriesThree	theorem exists_unitConstantCurvature_of_differentialAbsoluteDissipationDecay_Ici_of_fullCovariantRicciDerivativeBound_of_meanLower_of_compactTensorReferenceFami
Poincare.Global.NormalizedFlowForwardFiniteTimePositiveEinsteinMeanScalarGradient	theorem	sphereConclusion_of_differentialAbsoluteDissipationDecay_Ici_of_fullCovariantRicciDerivativeBound_of_meanLower_of_compactTensorReferenceFamily_of_joint_scalar_tracelessRicci_of_jointMetricEntriesThree	theorem sphereConclusion_of_differentialAbsoluteDissipationDecay_Ici_of_fullCovariantRicciDerivativeBound_of_meanLower_of_compactTensorReferenceFamily_of_joint_
Poincare.Global.PoincareAutomaticFiniteNerveTetrahedralStarSmoothingReactionDecayHausdorffJointCovRicciSubordinatePartitionPositiveEinsteinGenericInverseEndpointODEPrimitiveCompactHistoryBoundary	def	Poincare.FiniteTetrahedralStarPresentationProvider3	def FiniteTetrahedralStarPresentationProvider3
Poincare.Global.ScalarEvolution	theorem	Poincare.ClosedSmoothRiemannianMetric.scalarGradNormSqAt_le_three_covRicciNormSqAt	theorem scalarGradNormSqAt_le_three_covRicciNormSqAt
Poincare.Global.ScalarEvolution	theorem	Poincare.hasDerivAt_tracelessRicciNormSqAt_eq_laplacianAt_sub_two_covNormSq_add_scalarGrad_add_tracelessReactionTrace3	theorem hasDerivAt_tracelessRicciNormSqAt_eq_laplacianAt_sub_two_covNormSq_add_scalarGrad_add_tracelessReactionTrace3
Poincare.Global.ScalarEvolution	theorem	closedContractedBianchiAt_of_ricciAt_eq_zero	theorem closedContractedBianchiAt_of_ricciAt_eq_zero
Poincare.Global.ScalarGradientEvolution	theorem	Poincare.ScalarGradientEvolution.coordRicci_anchorBlendedMetric	theorem coordRicci_anchorBlendedMetric
Poincare.Global.ScalarGradientEvolution	theorem	Poincare.ScalarGradientEvolution.bochner_anchorBlendedMetric	theorem bochner_anchorBlendedMetric
Poincare.Global.ScalarVariation	def	Poincare.covRicciNormSqAt	noncomputable def covRicciNormSqAt
Poincare.Global.ScalarVariation	def	Poincare.covRicciRicciPairingAt	noncomputable def covRicciRicciPairingAt
Poincare.Global.ScalarVariation	theorem	Poincare.closed_cyclic_second_bianchi_at_of_inner_sum	theorem closed_cyclic_second_bianchi_at_of_inner_sum
Poincare.Global.ScalarVariation	theorem	Poincare.eventually_closed_cyclic_second_bianchi_of_inner_sum	theorem eventually_closed_cyclic_second_bianchi_of_inner_sum
Poincare.Global.ScalarVariation	def	Poincare.closedCovRicciDerivAt	noncomputable def closedCovRicciDerivAt
Poincare.Global.ScalarVariation	theorem	Poincare.closed_first_contracted_bianchi_of_second_bianchi	theorem closed_first_contracted_bianchi_of_second_bianchi
Poincare.Global.ScalarVariation	theorem	Poincare.closed_twice_contracted_bianchi_raw_of_first_contracted	theorem closed_twice_contracted_bianchi_raw_of_first_contracted
Poincare.Global.ScalarVariation	theorem	Poincare.closed_twice_contracted_bianchi_trace_of_raw	theorem closed_twice_contracted_bianchi_trace_of_raw
Poincare.Global.ScalarVariation	theorem	Poincare.closed_twice_contracted_bianchi_raw_of_second_bianchi	theorem closed_twice_contracted_bianchi_raw_of_second_bianchi
Poincare.Global.ScalarVariation	theorem	Poincare.closed_twice_contracted_bianchi_trace_of_second_bianchi	theorem closed_twice_contracted_bianchi_trace_of_second_bianchi
Poincare.Global.ScalarVariation	theorem	Poincare.eventually_closed_twice_contracted_bianchi_trace_of_second_bianchi	theorem eventually_closed_twice_contracted_bianchi_trace_of_second_bianchi
Poincare.Global.ScalarVariation	def	Poincare.covRicciDerivativeBilinFormAt	noncomputable def covRicciDerivativeBilinFormAt
Poincare.Global.ScalarVariation	def	Poincare.covRicciPairingGramRHS	noncomputable def covRicciPairingGramRHS
Poincare.Global.ScalarVariation	def	Poincare.covRicciPairingGramInvFirstDerivGroup	noncomputable def covRicciPairingGramInvFirstDerivGroup
Poincare.Global.ScalarVariation	def	Poincare.covRicciPairingGramInvSecondDerivGroup	noncomputable def covRicciPairingGramInvSecondDerivGroup
Poincare.Global.ScalarVariation	def	Poincare.covRicciPairingCovRicciDerivGroup	noncomputable def covRicciPairingCovRicciDerivGroup
Poincare.Global.ScalarVariation	def	Poincare.covRicciPairingRicciDerivGroup	noncomputable def covRicciPairingRicciDerivGroup
Poincare.Global.ScalarVariation	def	Poincare.covRicciPairingGramProductRuleRHS	noncomputable def covRicciPairingGramProductRuleRHS
Poincare.Global.ScalarVariation	theorem	Poincare.covRicci_pairing_gram_product_rule_expand	theorem covRicci_pairing_gram_product_rule_expand
Poincare.Global.ScalarVariation	theorem	Poincare.extDerivFun_covRicciRicciPairingAt_extend_eq_covRicciPairingGramProductRuleRHS	theorem extDerivFun_covRicciRicciPairingAt_extend_eq_covRicciPairingGramProductRuleRHS
Poincare.Global.ScalarVariation	def	Poincare.covRicciPairingSecondDerivExpansionGroup	noncomputable def covRicciPairingSecondDerivExpansionGroup
Poincare.Global.ScalarVariation	def	Poincare.covRicciPairingSecondCovariantGroup	noncomputable def covRicciPairingSecondCovariantGroup
Poincare.Global.ScalarVariation	def	Poincare.covRicciPairingDirectionLeviCorrectionGroup	noncomputable def covRicciPairingDirectionLeviCorrectionGroup
Poincare.Global.ScalarVariation	def	Poincare.covRicciPairingFirstSlotLeviCorrectionGroup	noncomputable def covRicciPairingFirstSlotLeviCorrectionGroup
Poincare.Global.ScalarVariation	def	Poincare.covRicciPairingSecondSlotLeviCorrectionGroup	noncomputable def covRicciPairingSecondSlotLeviCorrectionGroup
Poincare.Global.ScalarVariation	theorem	Poincare.covRicciPairingSecondDerivExpansionGroup_eq_secondCovariant_plus_leviCorrections	theorem covRicciPairingSecondDerivExpansionGroup_eq_secondCovariant_plus_leviCorrections
Poincare.Global.ScalarVariation	theorem	Poincare.covRicciPairingDirectionLeviCorrectionGroup_eq_covRicciRicciPairingAt	theorem covRicciPairingDirectionLeviCorrectionGroup_eq_covRicciRicciPairingAt
Poincare.Global.ScalarVariation	def	Poincare.covRicciPairingRicciCovariantGroup	noncomputable def covRicciPairingRicciCovariantGroup
Poincare.Global.ScalarVariation	def	Poincare.covRicciPairingRicciFirstSlotLeviCorrectionGroup	noncomputable def covRicciPairingRicciFirstSlotLeviCorrectionGroup
Poincare.Global.ScalarVariation	def	Poincare.covRicciPairingRicciSecondSlotLeviCorrectionGroup	noncomputable def covRicciPairingRicciSecondSlotLeviCorrectionGroup
Poincare.Global.ScalarVariation	theorem	Poincare.covRicciPairingRicciDerivGroup_eq_covariant_plus_leviCorrections	theorem covRicciPairingRicciDerivGroup_eq_covariant_plus_leviCorrections
Poincare.Global.ScalarVariation	def	Poincare.covRicciPairingInvFirstContractionTensor	noncomputable def covRicciPairingInvFirstContractionTensor
Poincare.Global.ScalarVariation	def	Poincare.covRicciPairingInvSecondContractionTensor	noncomputable def covRicciPairingInvSecondContractionTensor
Poincare.Global.ScalarVariation	def	Poincare.covRicciPairingInvFirstLeviCorrectionGroup	noncomputable def covRicciPairingInvFirstLeviCorrectionGroup
Poincare.Global.ScalarVariation	def	Poincare.covRicciPairingInvSecondLeviCorrectionGroup	noncomputable def covRicciPairingInvSecondLeviCorrectionGroup
Poincare.Global.ScalarVariation	theorem	Poincare.tensor2AddLeft_covRicciPairingInvFirstContractionTensor	private theorem tensor2AddLeft_covRicciPairingInvFirstContractionTensor
Poincare.Global.ScalarVariation	theorem	Poincare.tensor2SMulLeft_covRicciPairingInvFirstContractionTensor	private theorem tensor2SMulLeft_covRicciPairingInvFirstContractionTensor
Poincare.Global.ScalarVariation	theorem	Poincare.tensor2AddLeft_covRicciPairingInvSecondContractionTensor	private theorem tensor2AddLeft_covRicciPairingInvSecondContractionTensor
Poincare.Global.ScalarVariation	theorem	Poincare.tensor2SMulLeft_covRicciPairingInvSecondContractionTensor	private theorem tensor2SMulLeft_covRicciPairingInvSecondContractionTensor
Poincare.Global.ScalarVariation	theorem	Poincare.covRicciPairing_gram_inv_deriv_groups_eq_leviCivita_corrections	theorem covRicciPairing_gram_inv_deriv_groups_eq_leviCivita_corrections
Poincare.Global.ScalarVariation	theorem	Poincare.covRicciPairing_gram_inv_deriv_groups_cancel_leviCorrections	theorem covRicciPairing_gram_inv_deriv_groups_cancel_leviCorrections
Poincare.Global.ScalarVariation	def	Poincare.covRicciSecondDerivativeBilinFormAt	noncomputable def covRicciSecondDerivativeBilinFormAt
Poincare.Global.ScalarVariation	def	Poincare.covRicciDerivativePairingBilinFormAt	noncomputable def covRicciDerivativePairingBilinFormAt
Poincare.Global.ScalarVariation	theorem	Poincare.eventually_closed_cyclic_second_bianchi	theorem eventually_closed_cyclic_second_bianchi
Poincare.Global.ScalarVariation	theorem	Poincare.closedCurvatureEntryDerivAt_first_bianchi	theorem closedCurvatureEntryDerivAt_first_bianchi
Poincare.Global.ScalarVariation	theorem	Poincare.closedCurvatureCovDerivAt_first_bianchi_inner	theorem closedCurvatureCovDerivAt_first_bianchi_inner
Poincare.Global.ScalarVariation	def	Poincare.ClosedContractedBianchiAt	def ClosedContractedBianchiAt
Poincare.Global.ScalarVariation	def	Poincare.ClosedContractedBianchiOneFormAt	def ClosedContractedBianchiOneFormAt
Poincare.Global.ScalarVariation	theorem	Poincare.ClosedContractedBianchiOneFormAt.of_two_tensorDivergenceOneForm_eq_extDerivFun	theorem ClosedContractedBianchiOneFormAt.of_two_tensorDivergenceOneForm_eq_extDerivFun
Poincare.Global.ScalarVariation	theorem	Poincare.ClosedContractedBianchiOneFormAt.of_closed_trace_contraction	theorem ClosedContractedBianchiOneFormAt.of_closed_trace_contraction
Poincare.Global.ScalarVariation	theorem	Poincare.ClosedContractedBianchiAt.of_tensorDivergenceOneForm_eq_half_extDerivFun_near	theorem ClosedContractedBianchiAt.of_tensorDivergenceOneForm_eq_half_extDerivFun_near
Poincare.Global.ScalarVariation	theorem	Poincare.ClosedContractedBianchiAt.of_oneForm_near	theorem ClosedContractedBianchiAt.of_oneForm_near
Poincare.Global.ScalarVariation	theorem	Poincare.eventually_closedContractedBianchiOneFormAt_canonical	theorem eventually_closedContractedBianchiOneFormAt_canonical
Poincare.Global.ScalarVariation	theorem	ClosedContractedBianchiOneFormAt.differentiated_of_near	theorem ClosedContractedBianchiOneFormAt.differentiated_of_near
Poincare.Global.ScalarVariation	theorem	closedContractedBianchiOneFormAt_differentiated_canonical	theorem closedContractedBianchiOneFormAt_differentiated_canonical
Poincare.Global.ScalarVariation	theorem	ClosedContractedBianchiAt.of_closed_trace_contraction_near	theorem ClosedContractedBianchiAt.of_closed_trace_contraction_near
Poincare.Global.ScalarVariation	theorem	ClosedContractedBianchiAt.of_closed_trace_contraction_canonical	theorem ClosedContractedBianchiAt.of_closed_trace_contraction_canonical
Poincare.Global.ScalarVariation	theorem	closedContractedBianchiAt_canonical	theorem closedContractedBianchiAt_canonical
Poincare.Global.ScalarVariation	theorem	RicciSecondDerivCommutationAt.of_closed_bianchi	theorem RicciSecondDerivCommutationAt.of_closed_bianchi
Poincare.Global.ScalarVariation	theorem	closedCurvatureOp_first_bianchiAt	theorem closedCurvatureOp_first_bianchiAt
Poincare.Global.ScalarVariation	theorem	closedCurvatureFourLinearAt_bianchi	theorem closedCurvatureFourLinearAt_bianchi
Poincare.Global.ScalarVariation	theorem	riemannFromRicci3FourLinearAt_bianchi	theorem riemannFromRicci3FourLinearAt_bianchi
Poincare.Global.ScalarVariation	theorem	riemannDifferenceFourLinearAt_bianchi	theorem riemannDifferenceFourLinearAt_bianchi
